Apparel & Accessories, commissionRateFrom:commissionRateTo:priceFrom:priceTo:promotionFrom:promotionTo
Automobiles & Motorcycles, commissionRateFrom:commissionRateTo:priceFrom:priceTo:promotionFrom:promotionTo
Baby Products, commissionRateFrom:commissionRateTo:priceFrom:priceTo:promotionFrom:promotionTo
Beauty & Health, commissionRateFrom:commissionRateTo:priceFrom:priceTo:promotionFrom:promotionTo
Computer & Networking, commissionRateFrom:commissionRateTo:priceFrom:priceTo:promotionFrom:promotionTo
Construction & Real Estate, commissionRateFrom:commissionRateTo:priceFrom:priceTo:promotionFrom:promotionTo
Consumer Electronics, commissionRateFrom:commissionRateTo:priceFrom:priceTo:promotionFrom:promotionTo
Customized Products, commissionRateFrom:commissionRateTo:priceFrom:priceTo:promotionFrom:promotionTo
Electrical Equipment & Supplies, commissionRateFrom:commissionRateTo:priceFrom:priceTo:promotionFrom:promotionTo
Electronic Components & Supplies, commissionRateFrom:commissionRateTo:priceFrom:priceTo:promotionFrom:promotionTo
Food, commissionRateFrom:commissionRateTo:priceFrom:priceTo:promotionFrom:promotionTo
Furniture, commissionRateFrom:commissionRateTo:priceFrom:priceTo:promotionFrom:promotionTo
Hair & Accessories, commissionRateFrom:commissionRateTo:priceFrom:priceTo:promotionFrom:promotionTo
Hardware, commissionRateFrom:commissionRateTo:priceFrom:priceTo:promotionFrom:promotionTo
Home & Garden, commissionRateFrom:commissionRateTo:priceFrom:priceTo:promotionFrom:promotionTo
Home Appliances, commissionRateFrom:commissionRateTo:priceFrom:priceTo:promotionFrom:promotionTo
Industry & Business, commissionRateFrom:commissionRateTo:priceFrom:priceTo:promotionFrom:promotionTo
Jewelry & Watch, commissionRateFrom:commissionRateTo:priceFrom:priceTo:promotionFrom:promotionTo
Lights & Lighting, commissionRateFrom:commissionRateTo:priceFrom:priceTo:promotionFrom:promotionTo
Luggage & Bags, commissionRateFrom:commissionRateTo:priceFrom:priceTo:promotionFrom:promotionTo
Office & School Supplies, commissionRateFrom:commissionRateTo:priceFrom:priceTo:promotionFrom:promotionTo
Phones & Telecommunications, commissionRateFrom:commissionRateTo:priceFrom:priceTo:promotionFrom:promotionTo
Security & Protection, commissionRateFrom:commissionRateTo:priceFrom:priceTo:promotionFrom:promotionTo
Shoes, commissionRateFrom:commissionRateTo:priceFrom:priceTo:promotionFrom:promotionTo
Special Category, commissionRateFrom:commissionRateTo:priceFrom:priceTo:promotionFrom:promotionTo
Sports & Entertainment, commissionRateFrom:commissionRateTo:priceFrom:priceTo:promotionFrom:promotionTo
Tools, commissionRateFrom:commissionRateTo:priceFrom:priceTo:promotionFrom:promotionTo
Toys & Hobbies, commissionRateFrom:commissionRateTo:priceFrom:priceTo:promotionFrom:promotionTo
Watches, commissionRateFrom:commissionRateTo:priceFrom:priceTo:promotionFrom:promotionTo