Apparel & Accessories, default
Automobiles & Motorcycles, default
Baby Products, default
Beauty & Health, default
Computer & Networking, default
Construction & Real Estate, default
Consumer Electronics, default
Customized Products, default
Electrical Equipment & Supplies, default
Electronic Components & Supplies, default
Food, default
Furniture, default
Hair & Accessories, default
Hardware, default
Home & Garden, default
Home Appliances, default
Industry & Business, default
Jewelry & Watch, default
Lights & Lighting, default
Luggage & Bags, default
Office & School Supplies, default
Phones & Telecommunications, default
Security & Protection, default
Shoes, default
Special Category, default
Sports & Entertainment, default
Tools, default
Toys & Hobbies, default
Watches, default